,y,x0,x1,x2,x3,x4,x5,x6,x7,x8,x9
256,0.35151450625757497,1.2074773936755197,0.18284342483336954,-0.011528290469548131,-0.30406679763695393,-0.434716983875028,-0.21713071883124457,0.23381259336672294,1.4093324996971865,-0.5669555805873828,1.2124481505553635
307,-2.1339667906791178,-1.1601217197668408,-0.07616649201962591,0.276160999408718,-1.604954187622904,-0.9420056873116264,-0.30895265816554957,-0.13800636459538299,1.3532348231147326,1.329168835031961,0.4799098626589788
45,-1.714242529377707,-0.8390010260460758,-0.437627094058425,-1.0278659657107867,-1.3221555230555122,-1.7059646809476032,1.2260356494177067,-0.3069265742176207,-1.0603349550822474,1.307864321839884,-1.580371004642749
495,1.4745946395748002,1.4700487222241267,1.2594311101931568,1.4082700093330405,1.1867162633989146,1.0221611638323773,-0.2287409957938846,0.09220705021519511,1.2362693409045744,0.24555853713641243,-1.4719144702015972
472,-1.3336951325005912,-1.47754226435276,-0.0033732097860684914,1.1179645581514048,-0.6397276263291815,-0.6194997355616144,-0.14912972621228324,0.8871622436861423,-1.1818422861882565,-1.299541525367802,-1.150256646934698
150,0.07812451298561772,1.5898883702930438,0.6362171546987619,-0.11151374629257611,-0.1588210342549,-0.8724649572885486,-0.8016265598592491,-0.5419556133200608,-0.8291518029087549,-0.3312777333398121,-0.5761946866490841
575,0.7027390673107471,0.519925623322656,0.39393850441263206,-1.2827196427041854,-1.144867177166487,0.8450993474461916,-0.45593861596473484,1.2845641085510584,-0.3009642071322881,1.5198218344393364,-0.09558527778075185
22,0.6765685714840324,0.6090864585178941,-1.0374633309660775,1.1537629812040298,0.6585174051682968,1.4335464496982036,1.6598339664291124,1.5167313213368783,1.573871983968644,0.7198027628064992,1.3477351649394018
218,-0.7025371879038852,1.1277569690456963,1.2129484896394334,0.6264153917982785,-1.049624148273237,-1.5460395095927921,-0.3543231601649578,-0.9783211062823385,1.2258372570746483,0.33177555323150554,0.6295309335679624
53,0.21743009898496435,1.6496923379094255,0.3584718951120732,1.189202091656901,-1.2452642553002302,-0.31931028812562645,-0.7829307545703236,0.1893570755780413,0.7837778432550454,-0.04017482481586704,-1.6549840332943102
152,0.4492083574952432,-0.38940281720344927,-0.24205178796765953,1.4269861728096167,0.4617754625253467,-0.4657030946931422,-0.8423308940420907,-0.24362258398616138,1.4226340158729762,0.14956291464327084,1.0424266064000491
125,0.33544985174145153,0.8124033068531258,0.08403110979250525,0.3610882213372806,-0.016870688450749936,-0.7900566482340257,-1.7559886848912074,-0.10859891033743052,-0.8293992050309948,-0.9088358514219642,-0.847913818699852
267,-1.6629412950155147,0.7736782780093108,-1.3736963462011778,0.7050502040683679,-1.1035529871960448,-0.6590749854583897,-1.5432810280424012,1.498026454645091,1.3881292625410426,1.5179858817864718,-1.5128080909231565
250,-2.2847949917459935,1.6441899598842082,-1.3750565701406987,-0.12718355001786275,-1.6290734568487875,-1.6612747642322232,1.4484540726861885,0.8017438264491834,1.5280636413354036,1.5814670629286018,-0.8307033490286038
500,-0.32206007045004764,-0.9957794328302109,-1.2874753843055484,0.8794384770387489,1.1506571040349995,-0.1486851347231222,0.13294301550762255,-1.639603866733406,0.8964172559404798,-1.0161752943999456,-0.1006365047881003
104,-1.304274827689492,0.7964834027965375,-1.2831637279985482,1.2613766149894652,-1.2703665053578386,-0.7927406798005273,0.6108035640075681,-0.718654442216528,-0.06628580952898365,-0.54447348422626,-1.3802064908368046
366,0.037871907313511775,-1.2354174586906943,-0.9591111849468461,-1.2681484029981622,0.6418833105852608,0.9602652125929427,0.22035905066400802,-0.41129016632789295,0.948247832852117,-0.7325200583738021,1.3599954988059713
429,-0.45317524413595356,-1.5984210596841324,0.13108132769790498,-1.6138615183782705,-0.2604638465196486,0.2563764187775959,0.5014965970906181,0.9287752567114125,-0.18821901137173322,1.4120834631588906,1.387829643525415
95,0.7453738525778107,1.648424822495553,1.085180568654832,1.4934159541509846,-0.4430129911505902,1.52946509427293,0.9326098951948022,-1.66103835726786,1.6627460636040257,1.2603802879551225,1.260781906086819
451,-0.4380149303319601,-0.26108629287788304,-0.09315740487838192,1.5622085636651677,-1.0611002452984242,-1.4774099067216615,0.5329411451559585,0.12934879943428687,-0.20396883186441053,-1.5521188423307748,-0.07749545375571398
479,0.5130548564861783,-0.1373714060466863,1.3154229163216156,-1.0357033047465967,-0.07414071322160525,-1.4008048677551606,-0.10082150800444332,-0.5872569113370462,0.18697601638730596,-1.6292357033069031,-1.3416057848513496
329,0.24322230161441205,1.2238952715573714,0.5382812233450777,1.3541164720737497,-1.2130215612124822,-0.9505916252360475,-0.8118590094332983,0.569019811474624,0.06971458186639383,1.536124812522206,1.3341204806695217
261,0.980709155253687,1.1388669213732001,-0.3758471604003248,0.9529907777063312,0.05601969967133992,1.0215602314778274,-1.6219946331571244,-0.5826541762507299,0.19091962979386587,0.36216971741830817,1.4353598022194298
415,0.8926782623753102,1.5991305975366117,-0.05943307791697314,-0.02338107393277863,0.6244239350430371,-0.4933224276015439,1.2787713907055898,-0.15379822012843236,1.3608037439129395,-0.8809792527676049,-0.33428852421245103
431,1.3779584365196222,0.11849088691195132,1.0449199109710923,0.4115558284301288,0.4320107571566042,1.5441068567556822,0.867528812110956,1.1854660028455957,1.6075224236794947,1.5775916357530504,0.1666318197226915
383,1.2350948065494092,-0.4696300521512895,-0.09158072582713726,1.3792915737473765,1.1716612896065883,0.8127280107215292,-1.1926623053047183,-0.6268254470860862,-0.4372238198932612,-0.34884546967593505,1.28431670603268
195,0.30384454300639924,0.32954465791203463,1.55076320908337,0.37776543971588816,0.22241193276641474,-1.742063338404759,1.3570709178021727,-1.574679240815859,1.2549507945041898,-1.2566933131270992,0.4863704150739371
108,-0.5375166588599747,0.9941821242772799,0.4752612779089502,0.32401167267989106,-1.5078306698286328,-1.1377241220827605,1.3674208710955111,-1.373373847015734,1.5994273403691428,0.975363038338173,1.2628074316114568
587,-0.11899773590799728,-1.3147886228656156,-1.0150184682238024,-0.5957698962967325,1.5617472783321276,0.17247693555570795,-1.7654658495581166,-1.2670785019026474,-0.25943324989378885,1.3240481712692282,-1.0810564242868066
343,-0.5985427409732847,-1.663114069398377,1.4453274819788922,-0.8689742457720668,1.2339275983461584,-0.9628479563824804,-0.12313857792624264,-0.04358625290495848,0.7361336432067458,0.9296991225583854,1.3681512965142046
426,-0.12111210817050332,-0.43781444087552424,0.43729879311968717,-1.1619218351910467,-1.1855638124107593,0.4850488849578592,-1.4627273667818113,-1.5527416424955298,1.2839198482361855,0.7717488867148387,1.69861480274459
592,-1.179414026086198,1.1203702298737368,-1.1932659039102989,0.3389203170482114,-0.3100260398476728,-1.3448246846148086,1.0415924629086226,-0.3467432355491658,-0.14834162415127855,-0.6857787497399911,-1.0266889747739052
549,-0.11725692265438034,-0.9902246087387206,-0.7637598086926234,0.8667178401983948,0.8037794473461295,0.6067444371558761,0.21847721604056977,0.8397480697689255,-0.29019246946950544,-0.9225132011614174,-0.4556458881291451
70,-0.1374342065516987,-0.16703161681597165,-0.21985778923385155,0.7182710588508426,-0.23470269751253997,0.17367547448837634,1.2365463633093123,-0.6900195736211245,-1.2859129155504843,-0.2911342119892213,-1.3938779197386206
506,-0.5721724114237876,1.653501331186127,-1.5255151542893264,1.0316171777537007,0.05205962364289331,0.49337831822913975,-1.3098888849792916,-1.6500984337164997,1.7759020374920491,1.6523431034607792,0.2734682238309892
194,-1.2668238545346737,-1.6858819539959928,-1.0361605265993141,-1.5144135774913672,-0.8054504070138176,-0.7323763374285104,0.9892118451743047,1.471686855817467,1.428678596620354,-1.4301335370485357,0.38965879095703604
180,-0.14476203032808277,-0.7186323209893808,1.4752453175254208,-1.5712307516592487,-1.1490414644955644,-1.6062142155018502,1.2366197947638193,-1.0634797151258895,-0.31924929308296845,-0.0035021801538192114,-1.087903887377637
345,1.8264132046722934,0.9845368453936374,1.6190218718218206,-1.661233299310473,0.7922814424844162,1.292302333450906,0.9265479691243549,-1.6006790289945272,0.338238842321605,-1.4505707034092759,-0.15738109285492372
460,-0.7391521776128681,1.6704984839821093,1.3026432685884797,0.40996333349017217,-0.9865120070441649,1.2863170014266678,-1.5266039501154314,-0.5916714221054202,-1.3658063151525537,-0.8802225492841179,1.1417214628245365
157,-0.8469375321765584,-1.4205343025328485,0.5997821051975379,1.7242430346737239,-1.2921969271210305,-0.0991132176130467,-1.4548386772467892,-0.5562940080779378,-0.5546387280278106,-1.4040963031886415,0.2931915534270167
394,0.7603285766182234,1.3082896838825362,-0.06937576262243052,-1.1813074297446609,-0.6760622821277239,0.23032404993686,1.1064984609599542,0.5486827950580961,-0.4705800489783489,0.6396758960606249,0.3628666147274159
559,-0.573612288080362,-0.15158218806537932,-1.6248371450699606,0.9312983988843895,1.376925924184302,-1.23699237685243,0.9336057707677702,-1.2457053751248082,-1.2568258346562635,0.7840683492506002,-0.3856832372709051
62,-0.03630092280628554,0.942083384305507,-0.42807721707151375,-0.5242544596060588,0.005141197912364708,-1.2589905661311902,-1.4409876669145698,-1.531726489122673,-1.3804603016050656,-0.5029726342511057,1.2801918699087809
298,1.673564544739348,-0.20539745796748804,1.279963494207674,1.492172929013952,0.6354794120597905,0.0274008244549163,0.9687446252379665,0.8861253806201707,0.5093402462468285,0.8711093546061818,1.5186864022087043
201,1.2215260492511735,1.349552630533379,-0.32947461679179696,1.2070601350890946,1.0151164524307825,-1.1975409236602321,0.8591281701033402,-1.4263730127479544,-0.20087300888815962,0.4545767725388344,0.6119394651944461
497,-0.36330669002592497,0.8041220736286263,1.4350847636112747,1.0251258910163137,-1.6683102758510215,-0.2629694050227148,0.9394134183081793,-1.0156009875339618,-0.04818635020650261,-1.7143939723832062,0.04363402156466788
336,-1.521816283587498,-0.8847897492194833,-1.1678904256973894,0.28409685507561705,-0.7668042795258415,0.25097661713908825,-1.1476272092847215,1.02067772114342,1.156548589267398,0.20888459542133964,1.0043857403114587
90,-0.37972445054090037,-1.4749196732688732,-0.14078531454545912,-0.510072996786002,0.9658214222220595,0.48206151132217295,-1.5297935806304694,1.3408643918214334,-0.7890637200455597,1.5613872471879702,1.6893994740172245
546,-0.7547656077188839,1.1164317480891064,-0.7955231996061606,-0.5556617985212262,-0.8226559024743998,-0.9396681171105272,-1.7025967033815386,0.7015948886299989,0.0971836540191534,-0.6224675328707097,0.7271875375282466
418,0.757208024969683,-1.1349191364781452,-0.5262138138112452,-0.9369342852936783,1.6566431153914616,1.6169966568403782,-0.34967098863810053,-0.6950669715226083,1.2972391240187215,-1.3999783695827601,0.8154119043630976
353,1.4462473136905034,0.5019150054645647,0.41150387727826626,-1.0523676065298744,0.06952250132792646,1.5302771321256987,0.027506916432720623,-1.5432062668284912,1.6887416494469876,-0.2708553059547415,0.8946732207497977
263,1.3612456926347434,1.5994705372601878,0.21965159323266104,1.5980407188135033,0.10180131829579908,-0.7544711249498217,-1.73926262228328,-1.337566696647376,-1.098334633770226,-0.2429700434537536,1.7111404378038861
590,-0.7585400969999312,1.4472612162224003,-1.4408341373727134,-0.11057406632762605,0.22538156012588492,0.2461982174275073,-0.48209872067179543,-0.481310209848648,1.317099533359037,1.401569407752967,0.9468175760774881
3,2.0875915522352386,0.5502750559532678,0.6297038136072687,1.6184975226277207,0.40189808809662064,1.0867487075190754,0.9839659849464488,-0.07191738852812896,0.8840273622176474,-1.1171876438287136,0.8005202409741752
327,-2.0343398761290374,-1.5906093723512642,1.6026526446850335,0.3770914543460398,-1.2477137629627832,-0.41012216428716214,-0.9626673491339443,-0.08738590218212683,1.563893444616217,0.30826684837428975,1.0142574814762237
442,-0.5368560067391138,0.01792632691636651,-0.6635721029521737,-0.100653897119948,-0.06980750278460918,-0.173342118474376,-1.6069490280651042,1.7231092806867074,-0.5996355967212217,-0.7345445141301787,0.06077076051050117
249,0.05909286193080293,0.9674465373615247,-0.617861726843518,-0.995107674655617,-1.3361981211095062,1.6239856059953333,-0.1276205641573636,0.7035326115912767,0.007410021782425386,1.3954529579392014,-0.5509695358027438
227,-1.67643401468184,1.6678963975884407,-1.5893251499792929,-1.284564663847347,-1.4602533397549715,-0.5599919757215653,0.4607793393681508,0.8853149189856726,-1.2736621669591355,-1.0426214457792309,-0.8581104807388188
536,1.7470693890001836,1.0209853594903728,0.6851722492262915,-0.8098233081708753,0.8497012234474179,1.2335621883973855,-1.3606399013743378,1.0552166330007862,1.6326190936126634,-0.055928780770398166,-1.545390099069172
312,-1.0982063936901088,0.22953926084983894,-1.5597713634658419,0.7143576960469086,0.2755045108329967,-0.6060034407306404,-1.5165496601129365,-0.18634481486180074,0.26483569693390135,0.6968340174460239,0.9538087035641577
523,-0.10758297262916196,-0.1939603597067718,-0.4708479978194085,1.3880042229686858,-0.7062389164074127,0.28962396217443637,-1.350756563986744,0.42058361958255486,-1.170338925645346,-1.4122817098143754,0.2835199016379763
286,-0.34321532156626433,-1.049599521425068,-0.8986546103131599,-1.1125554310721948,0.3523326999341707,0.3664474889949389,0.29059076833318515,-1.0646340815432438,-1.1229072622869376,-1.322015642648522,1.5138365692898554
216,0.8464795922230044,0.22821688894268038,0.7878228140544469,-0.3872341124524942,-0.17830951597883835,1.0645536942112894,0.03744362072196343,-0.3654518226208182,1.5377620050907284,-1.6983591677199674,0.8277405456648383
347,1.9811662705644204,0.392919104468995,1.462423863301379,-0.7227152371466106,1.11070177409696,1.7120605241891635,-1.3374231582321883,-1.411241458046647,-0.15792551104773583,0.8721486320258636,0.3522564633763641
395,0.4656799363413702,-0.5030614739163415,0.11394127948009007,-0.15439224579558197,0.3487920707558233,1.7437967074754468,1.1642504813618506,-0.5761661414930693,0.28845804903503863,-0.32598825044540947,-1.4732450255378888
516,-0.15607417256398873,-0.3963181203296025,0.23020448448710054,-0.3702963073826079,0.4368040571813849,-1.2800351789283733,-1.2312328436432645,0.4580059472811773,1.6521662224510607,0.5726885260144191,-0.1489960370325045
76,0.33306474839784916,1.1462825070153346,-0.09601068795734549,-1.3863584972951597,-1.2311309450939076,-0.533810880794379,-0.40364519213702843,-0.21741416814129233,0.6660140987896341,0.1690395726446876,1.5817876174863212
83,0.6134375376202708,0.6174333149472017,-0.14485414714870234,-0.23428645147821764,-0.029998415559048162,1.0569025993055121,-1.1286709010099445,-1.6203207279244776,-0.7014312910208921,-0.7527439045541064,0.5176456691161713
39,2.1725430638935284,-0.49979738331019635,1.6940344518259935,1.2985224997003273,1.5864031415717823,0.7063421789341691,-1.766148551923497,-1.6994427553741858,-1.3344323624250396,0.4507952806670736,-1.6747899047512136
533,1.8237634588007179,1.4471914755852335,0.5437542045632543,1.244761804792698,0.9174140993491517,0.6510542621676011,1.4914896987137873,1.2041055914463958,-1.0701059106612232,-0.0441797746208017,-0.6720856972182455
21,-0.02941304029691817,0.09624167759787497,-1.4043879114233502,0.8150609326051997,1.2116070683843443,0.4482997580202504,0.6551499868087566,-1.4236858031584059,-1.439415874532019,1.2079349783520392,1.5769070264722087
512,1.0300568037456928,1.1931295045355008,1.125972685672983,-0.6381501861486959,0.5983539138583657,0.8560087731839652,1.2861270111145668,1.5097861439921758,-1.247964849544615,1.616877921347927,1.053760349746806
75,-1.277196629039904,-1.6175497433967412,0.6094404077824859,0.13607544896900417,-0.09726188368840358,0.24427138652513936,1.5002045217784934,-0.48504175677029127,0.7631059599543074,-0.6639291380162932,-0.6426110702917046
78,0.5896601353927955,1.0830910898859463,0.3375937138593414,1.0110291196362118,0.004458040374157339,-1.4660973351618014,-1.0319602502267677,-1.076741803188406,1.4648179830097419,-1.310047626665567,-0.08867759494721877
349,0.5631431530933803,0.29495058364746635,1.135749755637765,1.2893079592390808,-1.1520579439223253,0.11295167434943047,-1.4961746104015519,0.8851291090452523,-1.6881133941136102,-0.8999865462592282,0.9700370636662442
556,-0.5894169069490023,-1.0724848380109826,-0.707859077589894,-0.538704143510263,0.06867700262549355,1.0806111175921247,0.9401212470981739,-0.8130562703203358,1.3847760815475787,-0.5494295458702252,-1.6455566464900275
230,0.7389385732116348,-0.5873576944495653,1.6697791048854904,-0.36458631899206284,1.163884377294109,-1.2751491872869944,1.5699578525041635,0.3920307166878337,-1.2286420937689877,1.4676580830558161,-1.1410737990569113
262,-1.440999280932942,-1.3863653377530583,1.6786773006128255,-0.550363682546265,-1.3988939212653035,0.40607111218088604,-0.04882637649470223,-0.16634165590596645,-1.1549997527362874,0.29779913542791137,1.0455093073833417
585,-2.2570180257934616,-1.3497455379404366,-1.3185053913292302,-0.7555086033169645,-1.2229376732761343,-1.4192511099737573,-1.3163471356139533,-1.108474236876309,0.5076596041580661,-1.686067945481592,1.3263899584833612
275,0.34100103088772155,0.2638086215458832,-0.9327903674335342,0.6648256480483808,0.9233068238199829,0.7896297926439071,0.9940608775370519,0.5226668185011645,-0.20656015920635365,0.8111484513223083,1.1549821790320052
246,-0.07840661220699259,1.3660820737664254,-1.1906695220249144,-0.316391579954692,1.3606666446704192,-1.2731717554621307,0.37151489689015943,-1.5392497348387533,-0.3192997710633367,1.4321014233354707,1.5670932863635618
548,-0.27632997386334013,-0.5040277047589679,-0.14171867816835132,1.6097878568159067,-0.46644938618157317,-1.6139639448477316,1.5329662675609137,1.7027530208722848,1.1085691651559657,1.336582098581177,-1.2256735428678356
205,-0.1988523485359302,-1.3990260606826141,-0.9649299399715408,-1.405771418495909,0.16995321065009175,0.9125351978998479,0.6931923602032871,-1.4567137537496575,-1.0751503130627929,1.4478744262806487,0.43200819227146525
99,1.2358113087009674,1.1794505442406815,-0.36751004689812583,-0.8809062509767874,0.8615817370996138,0.21292759180420945,-0.7557916017260005,1.283382288858404,1.339396550566597,-0.5341002617121894,-0.36086843938633256
580,2.349527022556188,1.5278382076045547,-0.18585664800816484,-1.405559332005184,0.9831145323545077,1.562452121964412,0.13946589593558853,-0.4488759526497531,-1.4150517311080535,-1.4941989585090523,1.4253251232446655
12,-1.059918188293911,-1.4915597281802275,-1.5890573638496732,-0.693598340314178,-0.38433993211102824,1.2835252098744565,0.1839308385242123,1.4947052542622625,-1.5078336303769968,-0.002117508701748603,1.303845087352235
340,0.19369736364912746,0.1972980565595378,0.438959712496435,-0.7080529810490478,-0.05574564012431725,-1.3616999321302996,-0.917276757645591,-1.5580557292838566,1.2371520786243535,-0.10310108400387326,-0.22975874868342772
445,-0.9986650842588376,-1.3588033845103225,-0.17582994892621434,-0.25515764957897064,0.17922721140409187,-0.08984126335793191,-1.4289185134349742,-0.5672161805810091,-1.4893114587813843,-0.8141228857680187,-0.43632002380742674
144,-0.8491181614670407,-1.637950573215943,-0.4656058671142481,-1.5120370031027617,-0.6858174747929324,0.35914463128877805,0.5961529800648547,-0.12205269205684505,0.8731830193658212,1.5860228457928174,0.42190274578250936
464,-0.459784849264429,1.663043996896591,-1.2415378345387331,1.2127086204560218,-0.6031310408383981,-0.004743352372881711,-0.2882722946984238,-0.22278256120800985,0.9843599639124481,-1.3095530275452063,1.5950634689873482
74,-0.19051809331503944,1.7131742936505223,-0.5351473922471349,0.9953000055916131,-0.9795301717517254,-1.167881898392236,-1.1090671209064908,1.7553489809282896,1.042034473525296,1.563855098767407,-1.417816767668265
7,0.4487817094316641,-1.302369570406422,0.9141630397715781,-1.4160545475619395,1.5784656662096692,-1.3499465612094304,1.2298477121268958,0.4576860856027222,-1.5151442049305957,-0.2418059210140199,-0.4360132255850896
348,-1.758431057752922,-1.342152059778551,-1.195916147458889,1.052800392612973,-0.804229414625691,-1.2208819262427344,-0.2752439138200883,-0.05572438673906941,0.16656130784616155,-0.11433453654741209,0.8385294818286761
350,-1.6736647694752158,1.086654933391416,-1.580379664425901,-1.0029332029190594,-1.067036333500996,-0.5392899374352476,-0.07529835787440123,1.3173797294300222,-1.5128304425897794,1.5194709805370819,-0.46551323355746366
314,-0.7764100021753727,0.5320498547561439,-1.5752157519978418,0.20624559284171293,1.5764579825250349,-1.683142008454159,0.9523841790108533,0.7381758728248563,0.6088011385578767,0.959435667797896,-0.959083105395458
59,1.4924205385652636,1.3500178496229094,0.9103865404278149,-1.4576828380753588,0.5687375337943912,0.18331791253455157,1.206668460930144,0.12561032832008964,0.6833238715679,-1.2605194197130556,0.23403463007736025
36,0.6354818700543943,0.6444077600405896,-0.38474270243127706,-0.38873732446816767,-0.01702963507789333,1.614680018586356,1.6508544039142314,-0.7478710866927557,0.7402609192959427,1.0776263766973067,0.00949126014296307
413,-0.7789073677279299,-0.9531034916755989,1.0752600204077436,-0.0032610058227380673,-1.3816093048320346,1.2593835253711723,0.17869582407786652,-0.01731812698436446,-0.9222857674138536,-1.1112087161346214,0.27634137689624555
85,-1.0471321967870977,1.369803888638282,-1.6244015386867503,1.208835479133867,-0.7241882276990738,0.6749443437272997,1.0523833642900495,-0.632358816522098,-0.7128831544202959,-1.2143241022613975,0.09115381707832713
60,-1.5115983513197866,-0.9125097507760639,-0.16798350903314158,-1.2219480219606087,-1.5334874551618076,-1.3119419175045213,-1.0407720261347484,-1.5419935244709082,-0.2818458752278421,-1.3426204829983217,1.6920613441754433
258,-0.0981691533222141,1.4473949752917126,-1.1396573334198472,0.3218797870353722,1.0427241216484424,-1.00211848894751,1.094141413741993,-0.42452258329376213,0.28151361442282435,-1.0870824518569868,-0.013139769471631486
51,0.39827309414565676,-0.8338352076477664,-0.2790559706816454,-0.7569152708737853,1.3606346650609238,0.31876203235249834,-0.6909428043613502,-1.1662516545820132,-1.167819366217685,-0.7459133976895562,-1.6602779653523267
220,-0.522230311222377,0.9636523147117857,1.5395721276989833,-0.5679345647893296,-1.6694864555841018,0.9031889920600419,0.9575269280331087,0.8410507808817552,-0.860199120867441,0.15146912152484507,0.8991528522853477
153,-0.19474688303213758,0.07587143952953526,1.3383643776952383,-0.12876668504682542,-1.534494394178884,0.24237923015598087,0.8728349189539593,1.784897454202707,-0.1945577620362736,-1.6844799708411096,-0.325275034232694
31,-0.8907123300295712,-0.7460800188248888,-0.5068424730621586,-1.3305191382033008,-0.6161133300352911,-1.2962445302464454,-1.6824483115248225,0.3238547319538289,0.3633291348859784,0.6266704044452147,-1.6139457158447887
244,0.6001906469812012,-1.6101026294951222,1.0207106489473048,-1.551015840785958,1.2299044838532065,0.9304698045801466,-0.036520690173562825,-1.422817810718216,-1.6184791295959873,-0.1236209312388043,-0.44631111785174254
586,-1.4854092645185457,-1.0204428903771154,-0.9986824316412318,-0.9416690826749812,-0.7999144632256943,-0.661426811458093,0.0711135754489867,1.318482512933912,-1.3720146471525236,-1.0849655506898113,-0.4643414126236567
593,1.1622587028877462,0.02262333317402763,1.4242224010506765,-0.8059185139643283,-0.10219009983467635,1.1541013437794982,-0.7260218398385326,-0.19875497426298933,-0.5474691351754457,-0.6724297239072263,0.03423697795786744
285,1.5371402375491212,0.10472035649692969,1.0053910888629838,0.7998511316771264,0.34478467444291694,1.782324786691822,1.4009471524373418,-0.6119003508479539,-1.1692765247502648,1.3378490880806013,-0.5394578471238859
20,0.3895957364383182,0.07554043839521442,-0.5041289742328755,0.5574975420299365,1.2207788527377432,-0.5743288579780319,-0.9695190150856615,1.043668301882286,0.37886097734440816,-1.5532688123815592,-0.9560936296935156
390,0.3695018225356989,0.2713022801954823,-0.12128618665933867,1.0676590833023782,-0.48924064126885936,0.5165866050605165,-1.192241924182068,0.022904725615959767,-1.197838122563163,-1.3002067486588726,-1.3012849721156952
491,1.3461408912477668,-0.08652176127051031,-0.23422353666734197,1.4409506348496521,0.8266589349816996,1.0990878276585503,1.3074832013564948,-0.9436848628327245,-1.1662225955019192,1.599464660801322,1.386147201274232
223,1.2600398328183229,1.500191119538477,-0.023550888529726848,0.6110800504530146,-0.06310264483376966,1.814863020894734,1.310823079077148,-0.7587874651116187,0.09962862225410513,-0.9358526756603729,1.6993425157190443
357,-0.5896948088501086,-1.1901342606759129,-0.2885428719300773,-0.2357446538509686,0.7892771159771499,-0.31801375460556575,0.2855962948689353,-1.485715069502379,0.6433721514241019,-0.5944865103828687,-0.14315480522221613
67,0.014751486512294543,0.5133254535303821,-1.5390747356766554,1.6214841612858801,0.766540556053824,-0.4341763799169613,0.7799496084746377,0.4221373062491926,-1.4759607980957643,-0.49603145703787965,-0.7617332178065914
356,0.5497317633594034,-0.16626094342799894,0.16305801622940583,-0.03626770329738186,0.328534500192434,1.0796785881617141,0.2724079777043739,-1.0265755724902106,-0.31367738206538154,0.2815242956957061,0.831721639197628
49,-0.8118998327758818,-0.3622717172597951,-0.5708412321902921,0.8267071035813821,-1.3079533841264643,1.166478875909687,0.2483773776641491,0.5242399617571906,0.7614250367548223,-1.2350631853904732,1.6891230409994993
558,-0.74754015881056,0.09224555817893548,-1.313903766659188,-0.0052396278323773,0.9082933676354422,-0.9515323903082604,-0.319856585154942,-0.21597414771089612,-0.5003027521272608,1.6664600509305891,0.4305148656764621
487,-1.5150818769614216,-0.36094799927741406,-1.5538416205671552,1.665946202078719,-1.2448948939482847,-1.4201774360266197,0.6791772572043251,1.372032875707846,0.4204110772298259,0.6621739878507417,-0.12670813764004443
72,-0.35139055552049825,0.9223039305105836,-1.023306527306885,-1.6427832165414742,-1.3419102992392093,-0.11975338617762663,1.0382701978168882,-1.101999585197195,1.2448958844644438,1.6033251427364388,-0.1419339150262178
41,-0.4772790358716687,1.5540227088963516,0.7199413347215651,0.5303029183063691,-1.599555327692177,0.11508222939397184,-1.5326508904971925,-1.0260745712020318,1.06227738360734,-1.3567389369533445,0.014963992242680598
566,-0.17576674586333169,0.8484830116941835,-1.6090252414732935,1.1177931458339312,1.5972198418936299,-0.9482362541938052,-0.7141254652968937,1.5972380190726325,0.1771394577824504,0.06819602408447993,1.7267839907955218
422,0.7737643209428157,0.36428438588298123,1.3807198003723167,-1.2576757158743161,-0.6044236914665075,-0.2600659455579663,1.2505919116522852,0.8405706501052514,-0.220614885873024,-0.10629802330507496,-1.2162336034055785
545,0.22016953067194725,1.200104248949824,-0.9937499437338511,-1.6481471610792577,-1.0945769532271163,0.8666188876866248,-0.27075309305102396,-0.8937702613437775,-0.9006310318968382,-1.499167287803922,1.0997074981649746
34,0.042935521544629096,-0.9451178434694746,-0.07652971455465489,1.0025222967591607,1.288709347107918,-1.1923474043285012,-0.38419418311214354,0.39080076659551466,-1.717656436370633,-0.5112911358385315,1.1962798834899475
271,1.7114814781785699,0.4639816028502431,1.2017096013239987,-1.3454751284695874,0.5717854509754762,0.2239012127332856,1.2891785907315583,-0.6681746583847281,1.7229742234411545,0.3142444817375167,1.2180138329076347
113,-1.849567655315167,0.6769489378883675,-1.4113936955261654,-0.7818025627742863,-1.3212316931272932,-0.8271833664138143,0.5181533016509843,-1.6220946403911884,-1.3374481461503156,1.1048308815397514,0.959045944674921
189,1.5831417412674111,-0.8343491765680036,1.3612379633854386,1.3981449243752773,1.5018819915268569,0.21713475730365006,-0.02676102252172192,0.23582075206447825,1.1972754337577889,0.7841121368865134,-0.9285941325282813
243,1.0763791897343211,-0.5512253777008598,1.5246412202442763,-0.7162397401390698,0.8567484039744699,0.11315538201804379,-0.08773686298680806,-0.7550333246963119,1.0618384092127244,1.3209509711916598,0.8574161618359913
537,1.078401246282737,0.13494542823366276,0.32327095018649876,-0.08234858192607927,1.3179906045948815,-0.2187589900257983,1.2110032333024197,-1.322696172155078,0.6776761919678094,1.4870639731784434,-0.9012266645036352
520,-1.271893847556289,0.6450654658449733,-1.3254673252993114,0.425207189081683,-0.8529222091356135,0.39811103832751094,0.21748672900215307,1.3073749452924015,-0.3960465954925831,0.04816539293924506,-0.7947746805350501
290,-1.1241781166827343,-1.3313707921157518,-1.437956421671985,1.7112980612398885,-0.6825373737855694,-1.2762428297021977,0.28768857714036467,-0.4892394793103029,-0.45856779653503843,1.1428826253200113,-1.542299485991751
288,0.5021835386292706,-0.17403417856587935,0.11098176070962658,0.5337321624224497,0.08554464847400395,1.2421891713389852,0.6735872490975632,-1.4849476287292895,-1.2006401533953306,1.6603262281732465,-1.3996051862877523
33,-1.3288055227488114,1.0872484505770552,-1.4373561758423545,-1.084877678479707,-0.5725308962330865,-1.3560046994976278,-1.555343045546937,-0.2918698746123254,-1.5114398660975392,1.2790936447543706,1.3084959801549878
543,1.3199969838560437,0.9353622185375516,1.4150468521633592,0.4646430828970231,1.6283949939440847,0.020943187763787247,0.2715195221297417,0.12373137476876357,1.5720138567251813,0.33389735129799875,0.18786245096135393
582,-0.243470229538987,1.5431321213190001,1.285083697123001,-0.2656206752050156,0.40546763320341705,-0.5859456133971845,-0.6582202499034812,-1.1816885610018077,-1.666101644063832,-0.7161478778383004,-0.7076452613882765
47,0.5074514991321498,-1.4327107559625467,1.061800369088991,-0.14333344184154445,1.6178609863612576,1.7798183595912478,1.0179726010045993,-0.5921594932078941,-0.6466471424439975,0.7167746752638388,1.5482972004768643
141,-0.7351382496293908,-0.9419599610004386,1.0891333980337359,0.38089325529326556,-0.14233037833940332,-1.4139050310531327,-0.7480476370114837,-0.5793827740566535,-1.170540159188125,-0.4441463388368669,0.3168290809948281
360,-0.7888823661137496,0.12225490578276466,-1.4828260982307686,-1.6424736705740264,-0.5683282364230725,-0.7421401266782109,1.2871704210748691,1.6544581315178886,0.1745002616697825,-1.3765511710636724,-1.6198672242647112
239,-0.9836889334033883,-0.3929422132315702,-1.2521791272331522,0.6712129117195493,0.7006648121028828,-1.6610776846871815,-1.4726803349040558,1.0227808210031835,-0.5837029734416711,1.5858776162086703,0.8343203599287331
117,-0.08159692790855033,-0.39356361831107245,0.670349845826697,0.22068637935673216,-0.6548251922883925,0.5851404819279868,0.48527034433300736,-1.4998832846113919,-1.445462300989002,-0.4275703692351929,0.4456403643552239
547,-0.29483916101264157,0.08810271857063999,0.9867837110290648,0.30070967467022364,-1.6473730655510455,0.28848436006735384,-0.5938801053775509,0.41673662692246277,-0.6533063923305639,0.21627110045872716,0.34138291580334257
561,-0.29659254678324765,1.6386182636778315,1.0002409539812804,0.05688218116884764,-1.2334329022003585,1.7126372097817302,0.9271440528226573,1.3761464366474268,1.804441659479773,0.5159024362321417,1.6010929879603386
204,-1.22894618279807,-0.8261605362130923,0.5164421351174098,-0.808526526520028,-1.2650436021693314,-1.1460125497604705,-1.15614359924733,-0.027252600836086834,0.7838834836436634,-0.35618416050109164,0.20525967812158277
374,-1.5433965007559685,-1.5840971124854581,-0.37924044421627295,-0.3511050524002979,-0.7076599493032212,0.5039692474960263,-1.1926285271359918,0.38940972544671126,0.8654984908821644,0.00696969113540242,-1.644927993353402
328,-0.7142206035086772,1.6733057194562049,-1.3414598833130464,-1.4358454072434257,-1.110879970063694,-0.0459366502082036,-0.4550443846600443,1.585943493659241,-1.4756265375686997,-1.0090235160304097,0.5579692747328688
553,0.32363131595519556,1.4241148025515513,1.220253253799263,0.5302756253222077,0.006691415260559427,1.1132863800982349,0.3310081357897445,0.713073209720241,1.4730356646367517,0.14415172841651283,-0.6610442337740576
503,-0.8422725898150505,-0.15613782470859033,-1.0158246673345557,-0.5681637385102007,-0.034395238377226765,-0.4092963630460232,1.3272478041449975,1.6375831598325377,-1.4577815191099803,0.7823760551736388,-0.717901954586491
100,-0.6468694059820774,-0.4529731493183244,1.346094118207229,0.40726037579964625,-0.9378511700695872,-1.7259405635456502,-1.0828302758458428,1.3135886467464757,-0.3078719416528637,0.2521178337960067,1.4247380865800003
187,-0.05512388626187737,-0.15921997445751868,1.0533155949641229,0.027056785798593556,-1.0124956536977652,0.25927476220144413,-0.4811745385243199,-1.279246705801474,0.1720862727105872,-1.5915307009207722,-0.6705133438817564
112,1.0261586657387278,-0.13029476050969313,-0.024113698518773062,1.2085326632458133,1.0166420750383423,-0.08339510048561506,-0.10171104884000397,-0.19821553162887784,-0.7109012077949638,1.529622673730317,1.3135530499231005
527,-0.6502546371094088,-0.7271051610172947,1.0657397417792223,-1.0561821622950507,-1.359458726188942,-0.6863747432913953,-1.7030870066190174,-0.37091049219562583,-1.538480962518401,-0.6380674566285306,1.1387257771203496
379,-0.03656009178378088,0.5908793915602901,-1.0385699885209938,-1.2272538951589378,-0.15676944619415348,0.3797440060581183,0.8123350841682906,-0.7272073089732592,1.2446282600046379,1.4480879998591336,-1.5329453163889173
404,-0.38115203101940603,-1.3114896771577556,-1.6443432448986195,1.3792640647099672,0.2513107607520836,0.6993560658196535,0.7768558612686868,-0.46009300733033975,0.0926052985465468,-1.3801976847451385,-0.24683686613554026
438,1.0893554413668154,1.5692214822966408,0.4164155669315467,-1.5452090743775861,0.01643917045341111,-1.222582834979075,-0.8490415030820785,-0.8275138299529435,0.5128618175273914,0.213150013414508,-0.137961922579363
2,0.4881391224599527,0.5346909912332307,0.38239750763039365,-0.19001213796557945,-0.6677142843005337,1.0788558470970258,-0.18631175906898267,-0.25045969597079243,0.5703381395207312,1.2225058556724908,1.2270979189742017
501,0.3989771721140848,-0.23897558141267877,-0.5911878469877326,-0.42621148994046104,1.1444861006625149,0.5744219042311346,-0.10297229577482464,0.223437173352922,0.9164117204526703,-0.8068705083757731,-0.9331088494576988
208,1.0436195156844428,0.016794111034673345,0.10894477268814207,-1.5362953611756929,0.3036231628456354,-0.38855543699535217,1.3210584035954382,0.09657188448182574,-0.5777914428938713,-0.9285112158918382,1.2491573342951656
433,0.1103291097854646,0.7395497492728076,1.6857611085675348,0.5795115775817353,-1.2494122971994444,1.787775747150491,-0.9492360179420947,0.7459625122991174,-0.05074674471858159,-0.9859626512196427,-1.4124900454415237
137,-0.8305836259373431,-1.5316582767678606,1.4284724728952802,-1.1973182961365108,-0.21822794920009883,-0.3403008761182486,-0.793710308130124,1.048034624877273,0.10205588552766899,-0.7196024601476227,0.03159608540242445
430,0.7404005432434306,0.9750956368245436,0.7819072401516071,0.4872212913604928,-0.7419435668417235,1.701075887851337,-1.5581207210670198,-0.11644164450888736,-0.41877093541447125,0.6535491159608879,1.1669620719193896
471,1.9747128116858186,0.9364297278834891,0.7370340741981003,1.2661239566814078,1.7173280999058724,-0.8624810870688379,-1.2709186338587164,-1.2822444777044029,-0.9275796896305021,0.8570963528155576,-1.1396220760110913
341,0.9871180351859358,0.2220714376597429,0.3943198108008106,1.1222148436603196,-0.32669408827310575,1.1595971394747986,1.0483043265946412,1.1437896555697122,0.9693400893815314,0.22284113990490745,0.26262300461577315
198,0.49206999809615365,0.8897802519117991,0.09602475300238521,-0.14497383686037055,-0.009956890944917102,-0.2632544892450231,-0.3756462139550254,-0.3888659182167046,1.6530578837774157,0.8603016657783396,-0.9867097199856278
459,0.20347754249960942,-0.705994606398314,1.2636684569437353,-1.5023098652326068,-1.1148057281035755,0.011589853561781414,-1.2742448805737339,-0.04949152873556691,0.7744064621422352,1.3328408159969216,-0.08107611611361144
375,-0.4614966095232335,-1.634773899836423,-1.1616710312767526,-0.9620435251741156,1.2558671672083976,-0.648736665904663,0.8135304939559697,1.5319090671836546,-0.2200267778910294,1.0204592218151853,0.6557311404618325
398,-0.7492009243268968,1.4323937405694445,-1.3180770637527361,-0.2645575516768508,-0.18264598321551573,0.34412490689621905,0.8927272085268586,-0.44431368972184987,0.9492203929228877,-1.555349306874884,0.9904092965015928
142,0.5039767604514896,1.3422112540040645,1.4796002915425275,-1.3607865654564721,0.09598403889891957,0.4566302653344911,-0.13162475563776974,-0.27805218611679305,1.0228071236356029,1.2046109545927635,-1.2803554423430645
292,1.1548485708239644,0.5308351491440183,-0.4228622206047251,-0.06136605702823222,1.6321324964918693,0.4627263263007192,-1.2325493311624713,0.5613824148390718,0.14584689565583733,-0.51159279850277,-1.4716174357307017
16,0.852621407490581,0.7905560269630922,-0.5556294832386073,-1.0156768158401348,1.3994814971480867,-1.369497989902135,-0.3819470651375118,0.7303862606578669,0.5175177676280536,-0.5959625697145128,-0.6417220974938969
421,-1.2102542030055463,-1.2384246173783477,-1.5322717729375523,0.24710178219486104,0.8818814024548206,-1.4402560008123484,-0.020506751953181267,1.7111233758635258,-0.40198507665776817,1.6214282647653937,1.552598993873877
222,-0.4009986583450172,-1.0954164509416513,-0.8616785722656725,-0.809883093954137,1.438717054092002,-1.3745257239622868,-1.135277257186974,0.2746565411576993,0.7958498107972841,1.4275638701384867,-1.316062234803651
490,-1.4692937258880878,1.198195639213883,-1.4078209941534596,-0.1664960933110474,-1.4421874833933028,1.190288928785802,-0.08245749670281428,-0.2901233984429943,-1.5828539418476646,-0.44753244029189226,0.408761687668582
579,0.7765347453716004,0.2503086303837588,0.16273886797292533,1.5603957780104138,-0.219668911712453,-0.7942759062898922,-0.3369737333919384,0.9051118287124718,1.3444485004963518,0.6657877172846965,-0.27586201307025066
437,-0.36816915277836526,-0.5564503113483925,1.5218919600083072,-0.6014406948448905,-0.910952143554032,-0.9777731998356423,-1.4299630935768963,-1.3798363114897703,1.317484587315032,-0.6758823510709298,1.570985192083147
289,0.33615496211603585,-0.14508122638395865,-0.5749510503864134,0.62116382738315,1.0050259762543654,0.22859188230542776,0.11672726912020469,-0.7546785350143423,-0.9540165037487827,-0.27131702123509555,-1.5640012541185295
185,0.052901748705720286,0.22738061918770616,-0.7742820644292594,-0.4796745836566793,0.7775976399674162,-0.1883155321213242,-1.4641998424101406,1.7979478400440079,-0.9778196950884817,0.6585179476334132,-0.3849404195840172
324,1.1885014223107762,-1.1332408083409067,1.1724799858929045,0.9773023064137916,1.5313133226944484,1.622346636057336,-0.7526535025715605,0.9392576382079283,-0.8774071685589181,0.841026719253496,1.7017423335878676
130,-1.7573531957197401,0.10305321052314169,-1.605022504595944,-0.3549829774296972,-0.5620239326389106,-0.5344689235337012,1.5382275608631222,1.5960152030462218,-1.0118843494994418,-0.1778552560983731,0.5760765567261779
367,-1.0153578225805717,-0.8874812120741237,-0.49768862741091113,1.3951122799354225,-0.5586854478343887,-1.6419023204844945,0.08694824547516698,1.5301892944436126,-1.6915427133152263,-0.1883289434860552,0.07290910087968541
94,-0.5288430941272965,-0.7155084900286696,-1.1425299385284666,-0.08241328198955063,0.9092404788407461,0.035289506004063574,0.473026258289783,-0.04731362440845694,0.8856997772936697,1.5773731555852988,-0.6084462861026265
253,0.07557487184235655,-0.7239084053787083,0.8398849149010649,1.6022570299324783,-1.1971322027185876,0.1788710920423669,0.2873868491968988,0.7050148905960264,0.9068956251161986,-0.9706287880770826,-0.9001034443525494
133,1.8482643254730347,1.5066857634020694,1.0069757194876106,-1.1979569796020788,1.3346266891887038,1.514144167856828,0.8745405297642272,-0.017207838592923946,0.7753632717598747,1.4562253650583643,0.06649720473365679
555,-0.48347661206173187,-0.894805159619924,-0.40259233401564176,0.02271952561427975,-0.0023544221730931363,1.1845689144528089,-1.3962563368988061,0.05368862760210094,-0.006460331101681009,0.20856244761551618,1.724043831886176
498,-0.24554936822433412,-0.10696278829409521,-0.23463568417798644,-1.3986022355395542,-1.0742206199349575,-0.3666851647423845,0.41746047158820493,0.643637696096001,0.27179506283689425,0.4343952941627492,-1.7038857782672365
480,-0.5376659621035308,-1.247093029554277,0.5487101372357558,1.5879428707280332,-0.6906358615018998,-0.460093135047078,0.164335393282452,-1.3920645884044183,-1.6071460941775149,-0.9531006068541027,-1.5286358265531739
224,1.205110424340472,-1.0248298301023964,1.393683725233187,-1.5748781202098268,1.2480780093592003,-0.4522467128106785,-1.1390330693670003,1.0594326607624855,-1.2123653787052833,-0.43141545014014265,-1.7026988260155091
291,0.3989774482997837,0.5659229338806048,-0.28829641329822264,1.4414803963899963,-0.2432520342856063,-1.1128891182913845,1.0765486977103769,-0.7889949142325818,-1.1267928355256773,-0.9117273923842406,0.5050565061081348
297,-1.3729740531338759,0.6956612974582098,-0.654610588567792,-0.012224567929658895,-1.3927676423564563,-1.4384927081527787,-0.11081730548967249,0.5239892874325688,1.4874415388938205,-0.3796161596879196,-0.14103250668198491
507,-0.4176259145137762,-0.2410055811544263,0.25165320440343153,0.40798984833673996,-0.6155534833331593,-0.458239977196795,1.6610890593288463,-0.5778752733885242,0.8338418693853534,-0.1783437483761608,1.18035539170632
488,-0.695427877401756,-0.8859594709773924,-1.0031857884010988,-1.3438350538345651,-0.15604622095692602,-0.5643755426930971,1.661442259189052,-1.54926283781633,-0.7535887994093652,-1.18144127992392,0.6826463949689255
396,-0.6229335804458342,-0.17180162038298555,-1.6076479267535473,-0.5791764747415147,1.3393841111849518,-0.8071927985641636,-0.898113225118145,1.3738453414619032,0.03887205448711153,-0.3966902374864757,-1.461616601026226
509,0.11575906943116859,0.9578928099926577,-1.5265432064424984,0.842310619244177,1.6661778128613958,0.11651145762400043,-0.03325396289708339,1.4225631056257235,0.6260427155379231,0.956491668295915,-0.3696141247418538
397,1.9128063368402655,0.759745765733496,-0.12037968145394519,-0.36488853589765585,1.6853172985916203,1.5715756905493912,-1.3274202289394557,1.2961756815446468,0.825170157757338,1.6301603456925882,1.2612049993490142
454,-1.7407014673574726,-1.6144240253905795,-1.28944509776765,-1.6134637199075217,-1.367030861363615,-1.6265579856477077,1.2577567620776817,0.9225711924928266,-0.7779271392626582,-0.9736695704177818,1.1707861576005338
86,-0.5324065772086396,-0.7885273642599067,0.17654655446188444,0.3983750513178407,-0.24374903817537988,0.15835055984328103,0.1370018838667082,-0.4211907666880356,0.9632307741003169,1.6135060066011557,0.8592613993607985
333,0.7285640552773663,-0.8168662643119821,0.9306869574734739,1.3201127549458793,0.8827695217677662,-0.7026250492581999,-0.876450546340634,-0.35756370928945685,0.3486471447955823,1.0498838803353334,-0.3752715496236395
65,-0.17586142862984333,1.1321779526329496,-1.4879063900542253,1.604743640946828,-0.19828079848900826,0.5508703634517622,1.2006789378632146,0.35606632545188194,-0.6021993989499548,-0.9103467393390346,-0.9529878332365265
461,-1.3791355603970097,-1.137566209926334,-1.5402309467419246,-0.37451645721901256,-0.12092094159828322,-0.06440700475927719,-0.7724527997807594,-0.6090603918158385,1.670956587814604,1.0422209442493324,0.5742132858454826
554,-0.15370772478830963,-0.43592168302963585,-0.006207526725309949,-1.1698658528228858,-0.051797458268173335,-1.1746455400973599,1.7005529602398821,1.3204003178168935,-0.15742556484519357,1.1159401540263847,-0.07829870277302503
247,-2.0023184595590138,0.366189673033381,-1.5469732782930428,0.4380005915853311,-1.0127359774168616,-0.7492105131871978,-1.3874213861617022,1.0357998785075684,-1.1576482394737433,-1.684562242180572,0.45590869573387016
